finess,zone,A1bis,A2bis,A3bis,A4bis,A5bis
970100012,01,"         9,5","         4,1","        10,8","        25,5","         4,4"
970100020,01,"        12,2","         0,1",,           0,"         6,4"
970100111,01,           0,,,,
970100137,01,"         0,2",           0,,,"         0,1"
970100178,01,"        11,8","        12,7","        15,7","         8,3","        13,4"
970100186,01,           0,"         0,1",           0,           0,
970100202,01,"         1,8","         0,4","         0,3","         0,5","         1,3"
970100228,01,"        35,5",          44,"        43,7","        12,9","        39,9"
970102596,01,"         3,9",           0,,,"         0,5"
970103099,01,"         0,8",           0,,,"         0,2"
970107249,01,          19,"        29,6",          29,"        48,7","        25,4"
970107454,01,,,,,
970111662,01,,,,,
970202156,02,"         2,4","         0,2",,,"         1,6"
970202164,02,"         1,5",           0,,,"         0,7"
970202313,02,"        11,5","        18,6","        13,5","        49,1","        13,6"
970202321,02,"         5,8","         8,4","         9,4","        13,9","         5,4"
970203774,02,,,,,
970209219,02,,,,,
970211207,02,          74,"        65,5","        76,5","        32,6","        71,5"
970300265,03,"        15,2","        21,5",          14,"        23,4","        18,8"
970302022,03,"        45,2","        40,1","        43,8","        23,2","        38,3"
970302055,03,"        14,7","        12,8",           7,"        37,1","         8,9"
970302071,03,"         0,8",,,,"         0,3"
970302121,03,          15,"        14,1","        34,8","         1,7","         8,2"
970403606,04,"        10,2",           6,"        11,4","         4,9","         5,4"
970404018,04,,,,,
970404109,04,"         0,4",,,,           0
970404158,04,,,,,
970404844,04,"         1,8",           4,"         0,5","        13,2","         1,6"
970405064,04,,,,,
970405411,04,,,,,
970405452,04,,,,,
970408589,04,"        56,2","        44,7","        46,8","        17,6","        56,9"
970421038,04,          11,"         8,1",          14,"         3,3","         5,3"
970462024,04,"         0,3","         0,1",           9,"         2,3","         0,1"
970462073,04,"         4,1","         9,1","         4,8",          21,"         5,9"
970462081,04,"         3,2","         9,4","         0,1","        17,1","         4,4"
970462107,04,"        11,1","        16,4","        13,1","         7,8","        17,4"
970466751,04,           0,,,"        11,9","         0,7"
980500763,06,,,,,
750000523,11,"         1,6","         1,9","         1,5","         1,2","         2,3"
750000549,11,"         0,4","         0,7",,"         1,6","         0,3"
750006728,11,"         0,6","         1,3","         1,1","         1,1","         1,7"
750041543,11,"         0,1",           0,,           0,
750055287,11,           0,           0,,,           0
750100018,11,"         0,2",           0,           0,           0,
750100042,11,"         1,7","         1,5","         1,6","         0,6",
750100075,11,"         1,3","         1,5","         0,2","         0,5",
750100083,11,"         0,1",           0,,,
750100091,11,"         1,8","         1,2","         0,1","         0,6",
750100109,11,"         0,8","         0,6","         2,1","         0,3",
750100125,11,           4,"         3,6","         1,6","         0,8",
750100166,11,"         2,6","         2,1","         3,8","         1,7",
750100208,11,"         1,5","         1,5","         1,3","         0,6",
750100216,11,           0,           0,,,
750100232,11,"         2,3","         1,6","         1,5","         0,4",
750100273,11,"         1,4","         1,3","         1,5","         0,5",
750100299,11,"         0,1",           0,,,
750110025,11,"         0,1","         0,7",,"         2,2",           0
750120016,11,"         0,2","         0,2",,"         0,2","         0,4"
750140014,11,"         0,6","         0,2",,           0,"         0,2"
750150013,11,           0,           0,"         1,8","         0,2",           0
750150104,11,"         0,6","         1,2",           1,"         0,8","         1,5"
750150146,11,"         0,1",           0,,,"         0,1"
750150187,11,"         0,1",,,,"         0,4"
750150252,11,"         0,1",           0,,,           0
750150286,11,           0,,,,"         0,2"
750150344,11,           0,,,,"         0,2"
750150377,11,           0,           0,,,           0
750160012,11,"         0,5","         0,8",,"         0,8","         6,6"
750300014,11,"         0,6","         0,1",,"         0,2","         0,5"
750300071,11,"         0,5","         0,9",           0,"         1,8","         0,5"
750300089,11,           0,"         0,4",,"         0,5","         0,3"
750300097,11,           0,"         0,1",,"         0,6","         0,1"
750300121,11,"         0,2","         0,6",           0,"         0,7","         0,9"
750300139,11,"         0,3","         0,4",           0,"         0,3","         0,5"
750300154,11,"         0,7","         0,9",           0,"         1,1","         0,5"
750300360,11,"         0,8","         0,6",           0,           1,           1
750300410,11,"         0,2","         0,1","         0,5","         0,2","         0,2"
750300493,11,           0,"         0,5",,"         0,2",           0
750300550,11,"         0,1","         0,2",,"         0,8","         0,3"
750300592,11,"         0,2","         0,5",           0,"         0,4","         0,1"
750300667,11,           0,,           1,,
750300741,11,"         0,1","         0,3",,"         0,6",           0
750300766,11,"         0,3","         0,4",           0,"         0,6","         0,8"
750300774,11,           0,"         0,7",,"         1,5",           0
750300840,11,"         0,1","         0,4","         0,7","         1,3","         0,1"
750300857,11,           0,"         0,2",,"         0,1",           0
750300881,11,"         0,5","         0,4",           0,"         0,7","         0,7"
750300915,11,"         0,2","         0,6",           0,"         0,5","         0,2"
750300931,11,           0,           0,"         0,7","         0,1",           0
750301137,11,"         0,5","         0,5",           0,"         0,3","         0,5"
750301145,11,"         0,4","         0,6","         0,1","         1,4","         0,4"
750301160,11,           0,"         0,6",,"         0,4",           0
750712184,11,,,,,
750790164,11,,,,           0,
750801441,11,"         0,2",           0,,           0,
750803447,11,"         1,9",           2,"         0,1","         0,7",
750803454,11,"         1,1","         0,7","         1,6","         0,6",
750829053,11,,,,,
770016087,11,,,,,
770020055,11,,,,,
770020477,11,"         0,2",           0,           0,           0,"         0,7"
770110013,11,"         0,5","         0,3","         0,4","         0,3","         0,7"
770110021,11,"         0,5","         0,4",           1,"         0,2","         0,8"
770110054,11,"         0,9","         0,5","         1,5","         0,2","         0,8"
770110062,11,"         0,4","         0,3","         0,4","         0,2","         0,4"
770110070,11,"         0,4","         0,3","         0,3","         0,2","         0,4"
770130052,11,"         0,2",           0,,           0,"         0,2"
770170017,11,"         1,1","         0,8","         1,8","         0,3","         1,1"
770300010,11,"         0,3","         0,4","         0,1","         0,7","         0,4"
770300135,11,"         0,3","         0,4",,"         0,3","         0,2"
770300143,11,"         0,1","         0,5",           0,"         0,6","         0,5"
770300192,11,"         0,1","         0,2",           0,"         0,3","         0,2"
770300275,11,"         0,2","         0,4","         0,1","         0,5","         0,4"
770300283,11,"         0,3","         0,3",           0,"         0,5","         0,6"
770700185,11,"         0,8","         0,7","         1,6","         0,4","         1,2"
770790707,11,"         0,2","         0,4","         0,5","         0,7","         0,4"
770813400,11,"         0,2","         0,4",,"         0,6","         0,4"
780001236,11,"         1,5","         0,9","         2,5","         0,9","         1,7"
780002697,11,"         0,4","         0,5","         0,5","         0,3","         0,6"
780008298,11,           0,           0,,,           0
780017802,11,,,,,
780018727,11,"         0,1","         0,3","         0,3","         0,5","         0,3"
780022737,11,"         0,1",           0,,           0,"         0,1"
780110011,11,"         0,8","         0,5","         1,2","         0,6","         1,2"
780110037,11,"         0,1",           0,,,"         0,1"
780110052,11,"         0,6","         0,3","         0,6","         0,3","         0,5"
780110078,11,"         1,6","         1,1","         1,3","         0,6","         2,2"
780150017,11,           0,,,,           0
780150033,11,           0,,,,"         0,1"
780150058,11,           0,           0,,,"         0,1"
780150066,11,"         0,2",           0,,           0,"         0,2"
780300075,11,"         0,2",           0,,,           0
780300125,11,"         0,2","         0,4",           0,"         0,5","         0,3"
780300208,11,"         0,2","         0,4","         0,4","         0,8","         0,3"
780300323,11,"         0,1","         0,8","         0,8","         0,7","         0,5"
780300364,11,"         0,6","         0,1",,"         0,7","         0,7"
780300406,11,"         0,4","         0,6","         0,6","         0,7","         0,3"
780300414,11,"         0,7","         0,7",,"         0,7","         1,1"
780300422,11,"         0,5","         0,8","         0,5","         1,9","         0,7"
780300455,11,"         0,2","         0,3",,"         0,9","         0,3"
780630026,11,"         0,1",,,,           0
910002609,11,,,,,
910002773,11,"         1,7","         1,1","         2,6","         0,5","         2,3"
910009349,11,,,,,
910015965,11,           0,           0,,,           0
910019447,11,"         0,5","         0,4","         0,6","         0,3","         0,5"
910019454,11,"         0,2",           0,           0,           0,"         0,2"
910100015,11,"         0,1",           0,,,
910100023,11,"         0,1",           0,,,
910110014,11,"         0,4","         0,3","         0,8","         0,2","         0,3"
910110055,11,"         0,8","         0,7","         1,3","         0,3","         1,1"
910110063,11,"         0,4","         0,3","         0,6","         0,2","         0,3"
910150010,11,           0,,,,           0
910150028,11,"         0,3",           0,           0,,"         0,7"
910150069,11,"         0,2",           0,,,"         0,1"
910300011,11,"         0,3","         0,2",,"         1,1","         0,3"
910300029,11,"         0,1",           0,,,"         0,1"
910300060,11,           0,           0,,,           0
910300144,11,"         0,4","         0,7","         0,5","         0,8","         0,8"
910300177,11,"         0,3",           1,"         0,5","         1,2","         0,5"
910300219,11,"         0,7","         0,8","         0,3","         0,8","         0,7"
910300300,11,"         0,2","         0,1",,"         0,2","         0,2"
910300326,11,           0,           0,,,"         0,2"
910300359,11,"         0,1","         0,2","         0,5","         0,4","         0,1"
910500040,11,           0,,,,"         0,1"
910803543,11,"         0,6","         0,9","         0,7","         1,1","         0,5"
910805357,11,"         0,2","         0,4","         0,4","         0,9","         0,2"
920000635,11,"         0,1",           0,,           0,"         0,1"
920000643,11,"         0,4","         0,5","         1,3","         0,2","         0,9"
920000650,11,"         1,2","         1,4","         1,4","         0,5","         2,7"
920000684,11,"         0,3","         0,4",,           0,"         0,4"
920008539,11,,,,,
920009909,11,"         0,5","         0,3","         1,5","         0,3","         0,3"
920026374,11,"         0,5","         0,3","         1,1","         0,2","         0,3"
920100013,11,"         1,3",           1,"         0,1","         0,6",
920100021,11,"         1,1","         0,8",           2,"         0,4",
920100039,11,"         0,8",           1,"         0,7","         0,1",
920100047,11,"         0,7","         0,3",           2,"         0,1",
920100054,11,"         0,7","         0,3",,"         0,1",
920100062,11,           0,           0,"         0,2",           0,
920110020,11,"         0,3","         0,3","         0,7","         0,3","         0,4"
920110053,11,"         0,1",           0,,,"         0,1"
920120011,11,"         0,4","         0,5",           0,"         0,4","         1,1"
920300043,11,"         1,1","         1,5","         1,9","         2,3","         1,4"
920300183,11,"         0,5","         0,1",,"         0,5","         1,1"
920300191,11,"         0,2","         0,3",,"         0,8","         0,2"
920300209,11,           0,"         0,1","         0,5","         0,2",           0
920300266,11,"         0,1",           0,,           0,"         0,4"
920300365,11,"         0,1","         0,4","         0,1",           1,"         0,3"
920300415,11,"         0,2","         0,3","         0,3","         0,6","         0,6"
920300597,11,"         0,4","         0,6","         0,1","         0,8",           1
920300670,11,           0,"         0,2","         0,2","         0,3",           0
920300712,11,           0,"         0,3",           0,"         1,2","         0,1"
920300753,11,"         0,4","         1,1",,"         0,2","         0,3"
920300761,11,"         0,3","         0,5",           0,"         0,7",           1
920300787,11,"         0,3","         0,4","         0,3","         0,6","         0,6"
920300837,11,"         0,2","         0,2","         0,3","         0,9","         0,2"
920300845,11,           0,,,,"         0,2"
920300936,11,"         0,2","         0,3",,"         0,2","         0,4"
920301033,11,           0,           0,,           0,"         0,1"
920803798,11,           0,           0,,,"         0,1"
920811775,11,,,,,
930014428,11,,,,,
930021480,11,"         1,1","         0,7","         1,2","         0,5","         1,5"
930022603,11,,,,,
930100011,11,"         0,2",           0,,,
930100037,11,"         1,2","         0,8","         0,3","         0,3",
930100045,11,"         0,8","         0,2","         1,7","         0,3",
930110036,11,"         0,6","         0,5","         2,1","         0,3","         0,4"
930110051,11,           1,"         0,7","         2,5","         0,4","         0,8"
930110069,11,"         0,9","         0,7","         1,6","         0,4",           1
930150032,11,           0,,           1,           0,           0
930300025,11,"         0,4","         0,4","         0,4","         0,8","         0,3"
930300066,11,"         0,5","         0,4",           0,"         0,8","         0,5"
930300082,11,"         0,3","         0,4",           0,"         1,2","         0,3"
930300116,11,"         0,4","         0,6","         1,4","         1,1","         0,5"
930300264,11,"         0,1","         0,6",,"         0,3",           0
930300298,11,"         0,2","         0,4","         0,8","         0,7","         0,2"
930300504,11,"         0,2","         0,1",,"         0,4","         0,2"
930300553,11,"         0,4","         0,6",           1,"         0,8","         0,6"
930300587,11,"         0,2","         0,1",,"         0,7","         0,1"
930300595,11,"         0,3","         0,5","         0,4","         0,7","         0,6"
930300629,11,"         0,1","         0,1",           0,"         0,2",           0
930300645,11,"         0,6","         0,5",,"         0,1","         0,3"
940000078,11,,,,,
940000649,11,"         0,9","         0,8",           0,"         0,3","         0,8"
940000656,11,"         0,1",           0,,,"         0,3"
940000664,11,"         0,8","         0,6",,"         0,3","         7,2"
940006679,11,"         0,2","         0,5","         0,9","         1,3","         0,3"
940016819,11,           0,           0,"         1,5",           0,           0
940100027,11,"         2,4","         1,8",           0,"         0,3",
940100035,11,"         0,3",           0,,           0,
940100043,11,"         2,1","         1,6","         2,1","         0,6",
940100050,11,"         0,2",           0,,           0,
940100068,11,"         0,7","         0,1",           0,           0,
940110018,11,           1,"         1,2",           2,           1,"         1,3"
940110042,11,"         0,9","         0,9","         1,4","         0,7","         0,7"
940120017,11,"         0,4","         0,5","         0,2","         0,2","         0,7"
940300031,11,"         0,6","         0,9",           0,"         1,9","         0,9"
940300163,11,           0,           0,,,           0
940300270,11,"         0,5","         0,6","         1,1","         0,7","         0,7"
940300379,11,"         0,2","         0,4","         0,6","         0,7","         0,5"
940300445,11,"         0,2","         0,2",,"         0,4","         0,3"
940300452,11,"         0,1",,,,
940300494,11,"         0,2","         0,4",,"         0,4","         0,3"
940300551,11,           0,           0,"         0,8","         0,3",           0
940300569,11,"         0,3","         0,4",           0,"         0,5","         0,2"
940813017,11,,,,,
940813033,11,"         0,5","         0,3",           0,"         0,6","         0,4"
950000406,11,           0,           0,,,           0
950001370,11,"         0,3","         0,2","         0,3","         0,1","         0,1"
950002709,11,,,,,
950013870,11,"         1,2","         0,8","         1,3","         0,4","         1,1"
950015289,11,"         0,1",           0,,           0,           0
950100016,11,           0,           0,,,
950110015,11,"         1,3","         0,8","         1,7","         0,5","         2,1"
950110049,11,"         1,1","         0,9","         1,4","         0,4","         0,8"
950110080,11,"         1,4","         1,1","         2,3","         0,7",           2
950300095,11,"         0,1","         0,3",           0,"         0,5","         0,2"
950300137,11,"         0,2",,           0,"         1,2","         0,2"
950300152,11,           0,           0,,,           0
950300202,11,"         0,1","         0,4","         0,3","         1,1","         0,2"
950300244,11,"         0,5","         0,6",           0,"         1,6","         0,8"
950300277,11,"         0,4","         0,5","         1,1",           1,"         0,7"
950300301,11,           0,           0,,,"         0,1"
950300350,11,"         0,1","         0,1","         0,3","         0,4","         0,1"
950630012,11,           0,,,,"         0,1"
950807982,11,"         0,6","         0,9","         1,1","         1,6",           1
180000028,24,"         4,4","         3,3","         5,3","         2,7","         3,5"
180000051,24,"         1,6","         0,8","         2,2","         1,2","         1,1"
180000069,24,           1,"         0,2","         1,1","         0,1","         0,5"
180000358,24,"         0,6",           1,,"         1,8","         0,7"
180004145,24,           1,"         3,2","         1,1","         3,6","         2,4"
280000134,24,"         5,6","         3,4","         8,4","         1,4","         4,7"
280000159,24,"         0,9","         2,1",           0,"         2,4","         1,7"
280000183,24,"         3,1",           2,"         4,7","         1,5","         2,4"
280000449,24,"         0,4",           0,,,"         0,1"
280000589,24,"         0,8","         0,1",           0,"         0,6","         0,5"
280500075,24,"         1,5","         0,2","         1,5","         0,4","         0,8"
280504689,24,,,,,
280505777,24,"         1,4",           2,"         0,2","         2,6","         1,5"
360000046,24,"         0,6",           0,"         0,1","         0,1","         0,4"
360000053,24,"         4,4",           3,           5,"         1,5",           3
360000061,24,"         0,2",           0,,           0,"         0,1"
360000079,24,"         0,7","         0,4","         0,8","         0,4","         0,4"
360000129,24,"         1,4",           2,           0,"         2,4","         1,5"
360002133,24,,,,,
360002232,24,"         0,1",,,,           0
370000051,24,"         0,6","         0,7",           0,"         1,1","         0,7"
370000085,24,"         2,2","         2,1",           0,"         4,4","         0,7"
370000093,24,"         2,3","         3,7",           0,"         3,4","         3,3"
370000481,24,"        14,7","        13,4","        13,4","         8,3","        16,5"
370000564,24,"         1,2","         0,9","         0,1","         0,9","         0,7"
370000606,24,           1,"         0,2","         1,5",           0,"         0,6"
370000614,24,"         0,7","         0,6",           0,"         0,7","         0,7"
370002701,24,"         0,1",,,,"         0,2"
370007569,24,"         4,3","         5,3","         7,5","         9,5","         7,9"
410000087,24,"         3,8","         3,2","         6,1","         2,3","         3,3"
410000095,24,"         1,2","         0,2",,           0,"         0,8"
410000103,24,"         1,5",           1,"         1,7","         1,1","         0,7"
410000202,24,"         1,7","         3,1","         2,2","         4,7","         4,4"
410004998,24,"         0,6","         2,1","         1,8",           2,"         0,8"
450000088,24,"         9,3","         7,2","        16,5","         3,6","         9,1"
450000096,24,"         1,4","         0,3","         2,8","         0,1","         0,5"
450000104,24,"         3,2","         2,7","         4,8","         1,4","         2,8"
450000112,24,"         0,7","         0,1","         1,9","         0,1","         0,3"
450000237,24,"         0,8",           1,,"         1,6","         0,7"
450000245,24,"         1,3","         4,2",,           4,"         1,8"
450000294,24,"         1,9","         0,4",           0,           0,"         0,9"
450000336,24,"         0,1",           0,,,"         0,1"
450010079,24,"         2,1","         5,4","         1,8","        11,1","         2,7"
450012935,24,,,,,
450012968,24,"         0,5","         0,9",,"         1,5","         0,6"
450013818,24,,,,,
450018312,24,,,,,
450018460,24,,,,,
210011847,27,           1,"         1,3",           0,"         3,7","         1,7"
210012142,27,"         1,1","         0,1",           0,"         0,1","         0,3"
210012175,27,"         1,9","         1,6","         2,3","         1,3","         1,4"
210780110,27,"         0,6","         1,1","         4,6","         4,1","         0,4"
210780136,27,"         1,1",           2,           0,           2,"         0,7"
210780581,27,"        10,3","         8,4","        11,7","         5,8",          11
210780607,27,"         0,1",,,,           0
210780706,27,           1,"         1,2","         1,8","         0,5","         0,7"
210780789,27,"         1,4","         1,8",,"         1,8","         1,7"
210780979,27,"         1,5","         1,6",,"         4,1","         0,3"
210987731,27,"         1,8","         0,7",,"         0,7","         8,9"
250000015,27,"        11,4","         9,8","         9,3","         4,4","        11,1"
250000270,27,"         2,3",           5,,"         5,7","         2,1"
250000452,27,"         1,6","         1,7","         3,6","         1,6",           1
250011723,27,"         0,5","         0,8","         0,4","         1,2","         0,5"
250011848,27,"         1,1","         3,1","         4,5","         3,4","         1,3"
390780146,27,"         2,6",           2,"         3,5",           1,"         2,2"
390780153,27,"         0,1",           0,,           0,           0
390780161,27,"         0,7","         0,6","         1,2","         0,5","         0,3"
390780559,27,"         0,2","         0,5",,"         0,6","         0,3"
390780575,27,"         0,5","         1,2",,"         2,4",           1
390780591,27,"         0,2","         0,1",,           0,"         0,1"
390780609,27,           2,"         1,4","         3,2","         1,3",           1
390781193,27,"         0,1",,,,           0
580780039,27,"         2,8","         2,1","         3,5","         1,2",           2
580780047,27,"         0,1",           0,           0,           0,"         0,1"
580780070,27,"         0,4",           0,,           0,"         0,2"
580780088,27,"         0,4","         0,1",           0,           0,"         0,2"
580780096,27,"         0,8","         0,5","         0,5","         0,3","         0,5"
580780138,27,"         0,9","         1,3",,"         3,3","         1,5"
580780195,27,"         0,3","         0,7","         0,8","         0,8","         0,3"
580781136,27,"         0,1",           0,,,           0
700004591,27,"         4,4","         2,6",           4,"         2,2","         2,6"
700780026,27,"         0,7","         0,1",           0,           0,"         0,3"
700780174,27,"         0,7","         1,2",,"         1,7","         0,7"
710006859,27,"         0,6","         1,9","         0,1","         2,6","         1,5"
710780263,27,"         3,2","         2,1","         3,6","         1,2","         2,4"
710780644,27,"         2,1","         1,5","         1,9",           1,"         1,2"
710780917,27,"         1,7","         2,9",           0,"         5,7","         3,1"
710780958,27,           4,"         3,2","         6,4","         1,6","         4,2"
710781410,27,"         0,3","         1,1",,"         1,3","         0,5"
710781451,27,"         0,8","         0,1",           1,           0,"         0,3"
710781568,27,"         0,1",           0,,           0,"         0,1"
710781824,27,           0,"         1,9",,"         1,5",           0
710976705,27,"         1,9","         0,9","         0,2","         1,1","         1,2"
710978347,27,"         2,1","         1,8","         2,6",           1,"         1,7"
890000037,27,           4,"         3,3",           7,"         1,5","         3,9"
890000169,27,           1,"         1,7",           0,"         3,2","         0,9"
890000409,27,"         0,5","         0,1",           0,"         0,1","         0,3"
890000417,27,"         0,6","         0,1","         0,2",           0,"         0,3"
890000433,27,"         0,4","         0,1",,           0,"         0,2"
890002389,27,"         0,8","         1,4",,"         3,7","         1,5"
890970569,27,"         2,4","         2,1","         4,1","         1,1","         2,2"
900000035,27,"         0,8","         1,4",,"         2,8","         0,7"
900000365,27,"         6,9","         5,7","        12,9","         5,2","         6,6"
140000035,28,"         2,7","         1,4","         3,7","         0,8","         1,3"
140000084,28,"         0,2",           0,           0,           0,"         0,1"
140000092,28,"         1,5",           1,"         1,5","         1,3","         1,1"
140000100,28,"         9,4","         8,6","         8,8","         4,4","         8,8"
140000118,28,           1,"         0,9","         0,7","         0,7","         0,6"
140000159,28,"         0,8","         0,1",,           0,"         0,4"
140000290,28,"         0,3","         1,5",           0,"         1,6","         0,3"
140000340,28,           0,,,,"         0,1"
140000555,28,           1,           1,,           1,"         6,8"
140002452,28,"         0,6","         0,1",           0,"         1,4","         0,3"
140016759,28,"         1,3","         3,9",           4,"         3,8","         2,2"
140017237,28,"         3,5","         5,2",,"         5,9",           2
140018730,28,"         0,3","         1,1",           0,           2,"         0,8"
140026279,28,"         0,6","         0,1","         0,2",           0,"         0,3"
140026709,28,"         0,3","         0,9","         0,1","         1,7","         0,4"
270000060,28,"         0,8","         0,7","         1,3","         0,7","         0,4"
270000086,28,"         0,5","         0,4","         0,8","         0,2","         0,2"
270000102,28,"         0,6","         0,1",           0,"         0,1","         0,4"
270000110,28,"         0,3",           0,,           0,"         0,1"
270000326,28,"         1,2","         1,6",,           2,"         2,6"
270000862,28,"         0,6","         0,8",,"         1,7","         0,4"
270023724,28,"         4,4","         2,8","         8,5","         1,8",           4
500000013,28,"         3,7","         1,9","         4,6",           1,"         3,1"
500000054,28,"         2,6","         1,9","         2,9","         0,8","         1,6"
500000096,28,"         0,3","         0,1",,           0,"         0,1"
500000112,28,"         2,3","         1,7",           3,"         0,7","         1,4"
500000146,28,"         0,7","         1,2",,"         3,7","         1,5"
500000203,28,"         0,3","         0,9",,"         2,6","         0,7"
500000393,28,"         0,8","         0,2",,           0,"         0,5"
500000401,28,"         0,3","         0,9","         1,8",           1,"         0,4"
500002357,28,"         0,5","         1,8","         0,1",           3,"         1,6"
500021316,28,,,,,
500021944,28,,,,,
610006421,28,"         0,3","         0,6",,"         1,1","         0,4"
610780074,28,"         0,9","         0,7","         1,3","         0,3","         0,5"
610780082,28,"         1,8","         1,2",           2,"         0,8","         1,4"
610780090,28,"         1,6","         1,3","         1,6","         0,9","         1,1"
610780124,28,"         0,3",           0,,           0,"         0,2"
610780165,28,"         1,9","         1,3","         2,2","         0,6","         1,2"
610780199,28,"         0,3","         0,7",,"         0,9","         0,6"
610790594,28,"         0,6","         0,1",           0,           0,"         0,3"
760000166,28,"         0,8","         0,5",,"         0,5","         4,7"
760021329,28,"         2,6","         3,2","         1,9",           4,"         2,8"
760024042,28,           3,"         2,2","         4,5","         1,4","         2,4"
760025312,28,"         1,7",           3,"         5,7","         8,1","         2,8"
760027292,28,"         0,6","         1,3",,"         2,1",           1
760780023,28,"         2,3","         1,6","         2,3","         0,8","         1,7"
760780056,28,"         0,1",           0,,           0,"         0,1"
760780064,28,"         0,1",           0,,           0,"         0,1"
760780197,28,"         0,1","         0,2","         1,4","         0,1","         0,2"
760780205,28,"         0,1","         0,9",,"         1,2","         0,5"
760780239,28,"        16,1","        11,4","         9,1","         5,2","        12,5"
760780262,28,"         0,1","         0,2","        10,3","         0,1",           0
760780510,28,"         1,3",           3,,"         2,6","         2,6"
760780619,28,"         2,3","         2,4",,"         3,7","         2,2"
760780668,28,"         0,1","         0,2",,           1,"         0,2"
760780726,28,"         5,8","         3,5","         7,5","         2,4","         3,9"
760780734,28,           1,"         0,2","         2,1",           0,"         0,5"
760780742,28,"         0,8","         0,1","         1,8","         0,1","         0,5"
760780783,28,"         0,3","         0,7",           0,"         1,1","         0,2"
760780791,28,"         0,9",           2,"         0,3","         2,8","         2,2"
760780825,28,"         0,3","         0,9",,"         1,3","         0,4"
760783035,28,           0,           0,,,           0
760783159,28,"         0,2",,,,           0
760921809,28,"         1,2","         4,3",           0,"         5,6","         1,5"
020000022,32,"         0,1",           0,,           0,"         0,1"
020000048,32,"         0,3",           0,,,"         0,1"
020000055,32,           0,           0,,,           0
020000063,32,           2,"         2,1","         1,9","         1,8","         2,1"
020000071,32,"         0,1",           0,,,"         0,1"
020000253,32,"         0,8","         0,9","         1,3","         0,5","         0,6"
020000261,32,"         1,3",           1,"         1,8","         0,5","         1,3"
020000287,32,"         0,7","         0,3","         0,9","         0,8","         0,7"
020000360,32,"         0,2","         0,5",,"         1,2","         0,6"
020004404,32,"         0,7","         0,4","         0,8","         0,5","         0,4"
020004495,32,"         0,3",           0,           0,"         0,1","         0,1"
020010047,32,"         0,7","         1,1","         0,8","         1,4","         1,1"
590000188,32,"         0,5","         0,7",,"         0,6","         4,7"
590001749,32,"         0,3",           0,,           0,"         0,3"
590006896,32,"         0,2","         0,5",,"         0,9","         0,3"
590008041,32,           1,"         1,3",,"         1,7","         1,4"
590034815,32,,,,,
590049565,32,           0,,,,"         0,1"
590052056,32,"         0,6","         0,7","         0,9","         1,5","         0,7"
590780052,32,"         0,3",           0,,,"         0,1"
590780060,32,           0,"         0,5",,"         2,2",           0
590780094,32,"         0,1",           0,,           0,"         0,6"
590780193,32,"        10,1","         9,5","         8,3","         4,4","        11,1"
590780227,32,"         1,1","         0,9","         2,5","         0,7","         0,9"
590780250,32,"         0,3","         1,2",           0,           5,"         0,1"
590780268,32,"         1,6","         2,2","         2,1","         2,3","         2,3"
590780284,32,"         1,7","         1,2",           0,"         0,5",           1
590780342,32,           0,"         0,1",,"         1,7",           0
590780383,32,"         1,5","         1,9",,"         3,4","         1,9"
590781415,32,"         2,6","         2,1","         2,1","         1,2","         2,4"
590781571,32,           0,"         0,5",,"         0,6",           0
590781605,32,"         1,6","         0,8","         1,1","         0,6","         0,5"
590781621,32,"         0,5",           0,"         0,6",           0,"         0,1"
590781662,32,"         0,5","         0,3","         0,7","         0,2","         0,2"
590781670,32,"         0,2",           0,,           0,"         0,1"
590781795,32,"         0,2",           0,,,"         0,1"
590781803,32,"         1,5","         0,7","         1,4","         0,4","         0,5"
590781811,32,           0,,,,
590781902,32,"         1,7","         1,2","         2,7","         0,9","         1,2"
590781951,32,           0,"         1,8",,"         0,8",           0
590782165,32,"         0,9","         1,1","         1,6","         0,9","         0,7"
590782207,32,"         0,2",           0,,           0,           0
590782215,32,           4,"         3,7","         5,2","         2,2","         3,4"
590782256,32,           0,,,,           0
590782298,32,"         0,3","         1,9",           1,"         2,3","         0,7"
590782421,32,"         3,5","         1,9",           4,"         1,4","         2,4"
590782439,32,"         0,2",           0,,           0,"         0,1"
590782496,32,           0,           0,,,           0
590782546,32,"         0,2",           0,,"         0,2","         0,1"
590782553,32,"         1,1","         1,2",           2,"         1,8",           1
590782637,32,"         1,3","         0,7","         2,3","         0,7","         0,6"
590782645,32,"         0,1",           0,,,"         0,1"
590782652,32,"         0,5","         0,3",           1,"         0,6","         0,4"
590783239,32,"         2,2","         1,4","         2,7","         0,8","         1,3"
590784484,32,,,,,
590785374,32,"         0,5",           0,,,"         0,4"
590788964,32,"         0,4","         0,3",           0,"         0,7","         0,4"
590790655,32,           0,"         0,4",,"         0,3",           0
590797353,32,           2,"         0,9","         2,6","         1,2","         1,3"
590806360,32,"         0,5",,,,           0
590810941,32,,,,,
590811006,32,,,,,
590813176,32,"         0,3","         0,4",           0,"         0,5","         0,1"
590813382,32,"         0,1","         0,8","         1,3","         1,5","         0,3"
590813507,32,"         0,3","         0,6","         1,2","         0,8","         0,4"
590813747,32,,,,,
590815056,32,"         0,6","         0,7",,"         0,4","         1,2"
590816310,32,"         0,5",           1,"         1,3","         1,6","         1,1"
590817458,32,"         0,4","         0,6",,"         1,3","         0,7"
590817839,32,"         0,1","         0,4","         0,8","         0,3","         0,1"
600008643,32,"         0,3",,,,           0
600010862,32,"         0,1","         0,4",,"         0,6","         0,1"
600100101,32,"         0,1",           0,,           0,
600100168,32,"         0,3","         0,4",,"         0,5","         0,4"
600100176,32,"         0,1",,,,           0
600100184,32,"         0,1",           0,,           0,"         0,1"
600100572,32,           0,           0,,           0,           0
600100648,32,"         0,2","         0,2","         0,6","         0,2","         0,1"
600100713,32,"         1,6","         1,2","         2,7",           1,"         1,9"
600100721,32,"         1,9","         1,4","         1,8","         1,1",           2
600100754,32,"         0,7","         1,7","         1,3","         1,9","         1,6"
600101984,32,           2,"         1,5","         3,7",           1,           2
600110175,32,"         0,5","         0,7",,"         1,1","         0,4"
620000026,32,"         0,6",           1,,"         0,4","         0,1"
620003350,32,"         0,5","         0,1","         1,2","         0,1","         0,2"
620003376,32,"         1,1","         1,5",           0,"         1,5","         1,4"
620006049,32,"         0,5","         1,2",,"         1,3","         0,5"
620024208,32,,,,,
620025346,32,"         0,9","         0,7","         1,2","         0,8","         0,7"
620026690,32,,,,,
620100057,32,"         1,9","         1,1","         3,2","         0,8","         1,6"
620100099,32,"         0,8","         1,7",           1,"         2,8","         2,3"
620100487,32,"         0,2","         0,4",,"         0,4","         0,4"
620100651,32,"         2,1","         0,9","         1,8","         0,3","         1,4"
620100677,32,"         0,3",           0,,,           0
620100685,32,"         2,6","         1,8","         3,3","         1,9","         1,8"
620100735,32,"         0,8","         0,9","         1,1","         0,9","         0,8"
620100750,32,"         0,3","         0,6",,"         0,6","         0,5"
620101311,32,"         0,5","         1,1",,"         1,3","         0,6"
620101337,32,"         1,3","         1,1","         2,6","         0,6","         0,8"
620101360,32,"         1,6",           1,           2,"         0,5",           1
620101501,32,"         1,3","         1,5",,"         2,5","         0,7"
620103432,32,           1,"         0,9","         1,3","         0,5","         0,7"
620103440,32,"         2,3",           2,"         1,8","         1,1","         2,6"
620105940,32,"         0,1","         0,2",,"         0,4","         0,1"
620106088,32,"         0,2","         0,3",,           1,"         0,2"
620116046,32,"         0,1",,,"         0,7",           0
620118513,32,"         0,9","         1,2","         1,1","         1,7","         1,2"
800000028,32,"         1,2","         0,8","         1,3","         0,4",           1
800000036,32,"         0,1",           0,,,           0
800000044,32,"         4,2","         5,6","         3,5","         2,4","         5,9"
800000051,32,"         0,1",           0,,,           0
800000069,32,"         0,3",           0,           0,           0,"         0,2"
800000077,32,"         0,1",           0,,,           0
800000085,32,"         0,2",           0,,           0,"         0,1"
800000093,32,"         0,4","         0,2","         0,7","         0,3","         0,2"
800002503,32,"         0,3","         0,7",,           1,"         0,4"
800009466,32,"         0,7","         1,4",,"         1,4","         0,8"
800009920,32,"         0,6","         1,9","         2,6","         2,4","         1,2"
800013179,32,"         0,6",           0,,           0,"         1,1"
800015729,32,"         0,4","         0,1",,           0,"         0,1"
800018491,32,           0,,,"         0,9",           0
080000037,44,"         0,9","         0,5","         1,1","         0,4","         0,3"
080000615,44,"         2,2","         1,4","         2,5",           1,"         1,6"
080001969,44,"         0,7","         0,4",           0,"         0,3","         0,3"
080010267,44,,,,,
080010465,44,           0,           0,,"         0,3",           0
080010473,44,"         0,5","         0,7",,"         1,4","         0,8"
100000017,44,"         2,5","         1,8","         3,9","         0,9","         2,3"
100000082,44,"         0,1","         0,3",           0,"         0,8","         0,1"
100000124,44,"         0,2","         1,1",,"         1,5","         0,3"
100000157,44,"         0,2","         0,2",,"         0,5","         0,4"
100002351,44,"         0,7",           1,"         0,8",           1,"         0,8"
100006279,44,"         0,4","         0,1","         0,8",           0,"         0,2"
510000029,44,"         4,1","         3,5",           3,"         1,5","         3,9"
510000037,44,"         1,2","         0,8","         1,8","         0,5",           1
510000060,44,"         0,7","         0,5","         0,3","         0,3","         0,7"
510000078,44,"         0,5","         0,2",           0,"         0,2","         0,3"
510000102,44,"         0,1",           0,,           0,"         0,1"
510000185,44,"         1,3","         2,3","         2,1","         1,9",           3
510000193,44,"         0,9","         1,5","         2,3","         2,6","         1,2"
510000227,44,"         0,1","         0,5",           0,"         0,6","         0,3"
510000243,44,"         0,4","         0,4","         0,1","         0,6","         0,5"
510000516,44,"         0,4","         0,2",,"         0,2","         1,7"
510012040,44,"         0,4",           1,,"         2,3","         0,9"
510024300,44,           0,           0,"         0,9",,           0
520780032,44,"         0,8","         0,5","         1,1","         0,3","         0,4"
520780057,44,"         0,5","         0,1","         0,4",           0,"         0,3"
520780073,44,"         0,9","         0,9","         1,6","         0,4","         0,6"
520780156,44,           0,"         0,3",,"         0,6","         0,1"
520780180,44,"         0,2","         0,5",,"         1,1","         0,3"
520780214,44,"         0,2","         0,3",           0,"         0,8","         0,3"
540000049,44,"         0,5","         0,4","         1,1","         0,6","         0,3"
540000072,44,           0,           0,,,           0
540000080,44,"         0,8","         0,6",           1,"         0,4","         0,4"
540000106,44,"         0,2",           0,,           0,"         0,1"
540000361,44,"         0,3","         0,5",,"         1,4","         0,4"
540000395,44,           0,           0,,,           0
540000445,44,"         0,7","         0,4",,"         0,5","         0,4"
540000452,44,"         0,2","         1,3",,"         3,3","         0,1"
540000478,44,"         2,4","         1,3",,"         2,1","         1,2"
540000486,44,"         1,4","         2,8",           0,"         2,2","         2,7"
540000767,44,"         0,9","         0,5","         1,7","         0,6","         0,5"
540001096,44,"         0,7","         0,4","         1,2","         0,5","         0,4"
540001104,44,"         0,1",           0,,,"         0,1"
540001286,44,"         0,6","         0,4",,"         0,5","         3,9"
540013224,44,"         0,1",           1,"         3,9","         0,9","         0,3"
540014149,44,"         0,2",,,,           0
540020112,44,"         0,2","         1,7",,"         1,9","         0,1"
540023264,44,"         7,6","         6,8","         6,3","         2,7",           7
550000046,44,"         0,1",           0,,           0,"         0,1"
550000178,44,"         0,3","         1,2","         0,1","         1,1","         0,4"
550003354,44,"         1,2","         0,2","         1,1","         0,1","         0,7"
550006795,44,"         1,4","         1,3","         1,6",           1,"         1,3"
570000026,44,           0,           0,,,           0
570000083,44,"         0,5","         0,7","         1,6","         0,9","         0,3"
570000091,44,           0,           0,,,           0
570000158,44,"         1,5","         1,3","         1,4","         1,1","         1,1"
570000166,44,"         0,1",,,,           0
570000216,44,           1,"         0,7",           0,"         0,4","         1,2"
570000356,44,"         0,3",           1,,"         1,3","         0,5"
570000364,44,"         0,3","         0,5","         0,1","         2,1","         0,4"
570000430,44,"         0,1",           0,,,"         0,1"
570000455,44,           0,           0,,,           0
570000562,44,"         0,1",           0,,,"         0,1"
570000596,44,"         0,5","         0,2",           0,"         0,4","         0,4"
570000646,44,"         1,6","         2,2","         2,3","         3,3","         2,5"
570000950,44,"         0,2",           0,,,"         0,1"
570001057,44,"         0,7","         0,9","         0,1","         0,9","         1,1"
570001099,44,"         0,3",           0,,           0,"         0,1"
570003079,44,"         0,3",           0,,,"         0,1"
570005165,44,"         5,5","         4,8","        10,1",           4,"         5,3"
570009670,44,"         0,1",           0,,           0,"         0,1"
570015099,44,"         0,8","         0,6","         0,7","         0,7","         0,5"
570025254,44,"         1,2","         0,7","         1,8","         0,6","         0,6"
570026252,44,"         1,2","         2,3",,"         1,5","         2,9"
670000033,44,"         0,5","         0,3",,"         0,2","         2,6"
670000082,44,"         0,6","         0,8","         1,9","         1,3","         0,6"
670000215,44,"         0,1",           0,,           0,"         0,2"
670002187,44,,,,,
670013325,44,"         0,4",,,,"         0,1"
670013341,44,"         0,2",,,,           0
670013895,44,,,,,
670014042,44,"         0,1",,,,           0
670014455,44,,,,,
670016237,44,"         1,2","         1,4",           0,"         2,9","         0,7"
670780055,44,"         9,2","         8,3","        10,1","         4,4","         9,6"
670780162,44,"         0,5","         1,2",,"         3,6","         0,3"
670780170,44,           1,"         1,7",,           1,"         1,3"
670780188,44,"         0,8","         0,7",,"         0,9","         0,7"
670780212,44,           1,"         0,9",           2,           1,"         1,3"
670780337,44,"         1,9","         1,5","         2,5",           1,"         1,1"
670780345,44,           1,"         0,7","         1,4","         0,8","         0,7"
670780378,44,"         0,8","         0,8",           0,"         2,1","         0,6"
670780386,44,"         0,4","         0,7",,"         1,8","         0,3"
670780543,44,"         0,4","         0,3","         0,6","         0,3","         0,2"
670780584,44,"         0,1",           0,,           0,           0
670780691,44,"         0,9","         0,7","         1,7","         0,5","         0,6"
670780709,44,"         0,1",           0,,           0,"         0,1"
670781574,44,,,,,
670795921,44,,,,,
670797539,44,"         0,2",,,,"         0,3"
670798636,44,"         0,3",           0,,"         0,1","         0,1"
670799667,44,,,,,
680000320,44,"         0,9","         0,9","         2,3","         2,2","         0,4"
680000338,44,,,,,
680000395,44,"         0,4","         0,5","         0,6","         0,2","         0,3"
680000411,44,"         0,4",           0,,           0,"         0,1"
680000494,44,"         1,1","         2,3",,"         2,2","         0,9"
680000882,44,"         1,2","         0,9",           1,"         1,9","         0,7"
680000973,44,"         3,8","         4,2","         3,5","         2,5","         4,2"
680001005,44,"         0,3",           0,           0,"         0,4","         0,1"
680001179,44,"         0,1",,,,           0
680010824,44,,,,,
680013778,44,,,,,
680020088,44,"         0,5","         0,6","         0,5","         0,6","         0,4"
680020336,44,"         3,7","         3,2","         5,8","         2,3","         3,7"
880007059,44,"         1,7","         0,8","         0,9","         0,7","         1,5"
880007299,44,"         1,2","         0,6","         0,6","         0,6","         0,6"
880780069,44,"         0,1",           0,,           0,"         0,1"
880780077,44,"         1,2","         0,8","         1,1","         0,6","         0,7"
880780093,44,"         0,9",           1,"         1,1","         0,6","         0,7"
880788591,44,"         0,7","         2,1","         2,1","         2,2","         0,9"
440000057,52,"         4,6","         2,4","         6,3","         2,1","         2,7"
440000289,52,"        14,7","        10,3","        10,8","         4,3",          14
440000297,52,"         0,8","         0,6","         1,6","         0,5","         0,3"
440000313,52,           1,"         0,2","         1,5","         0,1","         0,4"
440000404,52,"         0,4","         0,9",           0,           1,"         0,2"
440000412,52,"         0,7","         2,1",           3,"         1,7","         0,9"
440000487,52,"         0,2",           1,,"         0,7","         1,1"
440000511,52,"         0,5","         0,9",,"         5,6","         0,1"
440000651,52,           0,"         0,6",,"         4,3","         0,2"
440001113,52,"         0,8","         0,5",,"         0,8",           5
440002020,52,"         1,2","         2,2",,"         3,2","         1,5"
440005080,52,,,,,
440023364,52,"         0,4",           0,,,"         0,9"
440024982,52,"         2,2","         2,7",,"         2,2","         2,5"
440029338,52,"         0,4","         1,9","         6,8","         1,3","         1,4"
440029379,52,"         2,5","         2,5",           0,"         4,6","         2,3"
440033819,52,"         0,4","         3,3","         9,3","         6,5","         0,6"
440036176,52,,,,,
440036499,52,,,,,
440039568,52,,,,,
440041580,52,"         4,9","         6,1",           0,"         6,9","         5,2"
440048700,52,           0,,,           0,           0
440048718,52,           0,,,,           0
440050433,52,           1,"         1,4",,"         1,2","         2,1"
440050441,52,,,,,
490000031,52,"        10,3","         7,3","         9,9","         3,6","         8,9"
490000155,52,           1,"         0,5",,"         0,6","         5,2"
490000262,52,"         1,7",           1,,"         1,6","         1,8"
490000676,52,"         3,2","         2,2","         4,1","         1,3",           2
490000700,52,           0,           0,,,           0
490002037,52,"         1,3","         2,3","         1,7","         2,7",           2
490004256,52,           0,           0,,,           0
490007499,52,,,,,
490007929,52,"         0,8","         1,4",           0,"         1,4","         0,8"
490009008,52,,,,,
490014909,52,"         2,4","         4,9",           4,"         5,5",           4
490015906,52,"         0,1","         2,5",,"         1,8",           0
490017613,52,,,,,
490528452,52,"         1,9","         0,4","         2,1","         0,4","         1,1"
490537818,52,,,,,
490540440,52,"         0,1",,,"         1,9",           0
530000025,52,"         1,3",           1,"         1,9","         0,8","         0,8"
530000074,52,"         1,4",           1,"         1,7","         0,9","         0,9"
530000371,52,"         3,1","         1,2","         3,3",           1,"         1,4"
530002898,52,,,,,
530031962,52,"         0,9","         1,9",           0,           2,"         1,5"
720000025,52,"         7,5","         5,6","         9,1","         3,9","         5,1"
720000066,52,"         0,2","         0,1",,           0,"         0,1"
720000140,52,"         0,2","         0,1",           0,           0,"         0,1"
720000199,52,"         0,8","         3,5",           0,"         3,4","         1,5"
720000231,52,"         0,1","         0,3","         3,6","         0,3","         0,2"
720000249,52,"         0,5",           0,,,"         1,7"
720000389,52,"         0,1",           0,,,"         0,1"
720003441,52,,,,,
720006022,52,"         0,5","         0,3",,"         0,2","         0,2"
720016724,52,"         1,6",           1,"         1,4","         0,6","         0,6"
720017748,52,"         2,9","         4,1",,"         4,3",           3
720017839,52,,,,,
850000019,52,"         6,1","         4,6","         8,3","         3,2","         5,9"
850000035,52,           1,"         0,2","         1,7",           0,"         0,4"
850000084,52,"         2,1","         0,4","         1,5","         0,1","         1,4"
850000118,52,"         1,5","         2,6","         1,2","         3,4","         1,4"
850000126,52,"         0,7","         1,5",           0,"         1,7","         0,7"
850000134,52,"         0,1","         1,8",,"         2,1","         0,6"
850009010,52,"         1,9","         1,1","         1,8","         0,6","         1,2"
850009333,52,,,,,
850011271,52,,,,,
850022047,52,,,,,
850023151,52,,,,,
850025156,52,,,,,
220000020,53,"         6,8","         4,5","         7,8","         2,1","         4,8"
220000046,53,           2,"         0,6","         2,3","         0,1","         1,2"
220000079,53,           2,"         1,3","         1,9","         1,7","         1,2"
220000103,53,"         1,9","         1,1","         2,3","         0,5","         1,2"
220000111,53,"         0,7",           1,,"         1,6",           1
220000152,53,"         0,9","         0,1",           0,"         0,1","         0,4"
220000236,53,           0,,,,           0
220005045,53,"         0,3",           0,,,"         0,1"
220005599,53,"         0,8","         1,6",           0,"         2,4",           1
220019558,53,,,,,
220019848,53,,,,,
220020507,53,,,,,
220021968,53,"         0,1",           0,,,"         0,1"
220022800,53,"         1,6",           4,"         2,2","         6,1","         3,7"
290000017,53,"         9,2","         8,5",           7,"         3,1","         8,7"
290000041,53,"         0,9","         0,7","         1,8","         0,5","         0,8"
290000074,53,"         1,1","         0,2",           0,"         0,2","         0,7"
290000116,53,           0,           0,,,           0
290000140,53,"         1,3","         2,4","         0,2","         4,8","         2,7"
290000207,53,"         0,6","         1,9",           0,"         4,4","         1,2"
290000215,53,           1,"         2,3",,"         2,9","         1,9"
290000306,53,"         1,2","         0,3",,           0,"         0,5"
290000728,53,"         1,1","         0,9",,"         0,9","         0,8"
290000785,53,           1,"         0,2",           0,           0,"         0,5"
290000850,53,,,,,
290000975,53,"         0,1",           0,,           0,           0
290004142,53,"         1,1","         1,3","         0,1","         1,3","         1,4"
290005131,53,,,,,
290005230,53,,,,,
290019777,53,"         1,7","         3,6","         6,6","         3,8","         2,1"
290020700,53,"         5,5","         4,2","         7,6","         2,5","         5,2"
290021542,53,"         2,9","         1,6","         1,8",           1,"         2,3"
290023431,53,"         0,5","         1,1",,"         2,2",           1
290023779,53,,,,,
290029669,53,,,,,
290030808,53,,,,,
290032028,53,,,,,
290032655,53,,,,,
290032713,53,,,,,
350000022,53,"         3,6","         2,1",           4,"         1,2","         2,3"
350000030,53,"         1,5","         0,9","         1,9","         0,5","         0,8"
350000048,53,"         0,9","         0,6","         1,2","         0,5","         0,5"
350000055,53,           1,"         0,7","         1,8","         0,5","         0,6"
350000063,53,"         0,1",           0,,,"         0,1"
350000071,53,"         0,2",           0,,,"         0,1"
350000121,53,"         2,7","         7,2","         5,6","         8,8","         4,4"
350000139,53,"         0,8","         2,4","         7,8","         3,2","         1,4"
350000196,53,"         0,6","         1,5",,"         2,7","         0,8"
350000204,53,"         0,1",           0,,,"         0,1"
350002192,53,"         2,2","         1,1",,"         2,2","         0,8"
350002200,53,"         0,1",           0,,,"         0,2"
350002804,53,,,,,
350002812,53,"         0,5","         0,3",,"         0,6","         3,3"
350005021,53,"         0,6",           0,,           0,"         0,2"
350005146,53,"         1,4",           3,,"         6,1","         2,9"
350005179,53,"        11,6","         9,9","        12,7","         4,5","         9,9"
350032934,53,,,,,
350040044,53,,,,,
350042131,53,,,,,
350042602,53,,,,,
350045779,53,,,,,
350046744,53,,,,,
350046751,53,,,,,
350048518,53,"         0,1",           0,,,           0
560000044,53,"         1,5","         1,2","         2,1","         1,3","         1,1"
560000184,53,"         0,6",           0,,           0,"         0,3"
560002214,53,           0,           0,,           0,           0
560002511,53,"         0,6","         2,2","         0,1",           4,           2
560002933,53,"         1,5","         2,4",,"         2,1","         2,7"
560004004,53,,,,,
560005746,53,"         6,4","         3,7","         8,4","         2,2","         5,2"
560007510,53,"         0,6","         1,2","         0,1","         2,2","         1,2"
560008799,53,"         2,7","         4,8","         2,6","         7,5","         4,2"
560009490,53,,,,,
560009508,53,,,,,
560009524,53,,,,,
560014078,53,,,,,
560014128,53,,,,,
560014748,53,           3,"         1,7",           3,           1,"         1,6"
560020208,53,,,,,
560023152,53,,,,,
560023210,53,"         5,4","         4,3","         5,9","         2,3","         4,8"
560023848,53,,,,,
160000170,75,"         0,2","         0,8",,"         1,6","         0,2"
160000279,75,"         0,2","         0,6",           0,"         0,9","         0,4"
160000451,75,"         2,1","         1,4","         2,7","         0,9","         1,7"
160000485,75,"         0,2","         0,1",,           0,"         0,1"
160000493,75,"         0,2",           0,           0,           0,"         0,1"
160006037,75,"         0,3",           0,,           0,"         0,1"
160013207,75,"         0,7","         1,3","         1,7","         2,3","         1,6"
160014411,75,"         0,8","         0,1","         1,1","         0,1","         0,4"
170022057,75,,,,,
170024194,75,"         2,9","         2,3",           3,"         1,4","         2,9"
170780050,75,"         0,5","         0,3",           0,"         0,3","         0,3"
170780167,75,"         0,4","         0,3","         0,5","         0,2","         0,2"
170780175,75,"         1,4","         1,2","         2,5","         0,7","         1,4"
170780191,75,"         0,6","         0,1",,           0,"         0,6"
170780225,75,"         1,4",           1,"         1,8","         0,8","         0,8"
170780266,75,           0,           0,,,           0
170780563,75,"         0,4","         1,2",           0,"         1,2","         0,8"
170780613,75,"         0,2","         0,8","         0,8","         1,2","         0,7"
170780621,75,"         0,2","         0,5","         0,1","         0,8","         0,3"
170780647,75,"         0,3","         0,5",,"         1,2","         0,2"
170780662,75,"         0,9","         0,7",,"         2,5","         0,8"
190000042,75,"         1,5",           1,"         1,5","         0,4","         1,4"
190000059,75,"         0,9","         0,7",           1,"         0,4","         0,6"
190000075,75,"         0,4","         0,3","         0,4","         0,3","         0,4"
190000224,75,"         0,6","         1,3",,"         1,2","         0,7"
190000257,75,"         0,2","         0,5",           1,"         0,7","         0,4"
190010553,75,,,,,
230780041,75,           1,"         0,7","         1,1","         0,2","         0,7"
230780058,75,"         0,1",           0,,"         0,1","         0,1"
230780066,75,"         0,1",           0,,,           0
230780082,75,"         0,3",           0,,           0,"         0,3"
230780157,75,"         0,1","         0,2",,"         0,5","         0,1"
240000059,75,           1,"         0,6","         1,8","         0,2","         0,4"
240000083,75,           0,,,,           0
240000117,75,           2,"         1,4",           3,"         0,7","         1,4"
240000190,75,"         0,6","         1,3","         0,1","         1,5","         1,4"
240000208,75,"         0,3","         0,6",,           1,"         0,4"
240000216,75,"         0,3","         0,4",,"         0,8","         0,2"
240000448,75,"         0,3","         0,1","         0,5","         0,2","         0,1"
240006734,75,,,,,
330000217,75,           0,,,,"         0,2"
330000332,75,"         0,4",           0,,           0,"         0,2"
330000340,75,"         0,8",           1,"         3,8","         1,4","         1,2"
330000662,75,"         0,8","         0,6",,"         0,4","         4,4"
330017989,75,,,,,
330027509,75,"         0,8","         0,5","         1,5","         0,2","         0,4"
330780040,75,"         0,3","         1,6",,"         2,8","         0,5"
330780081,75,"         0,6","         1,6",,"         0,8",           1
330780115,75,"         0,5","         1,7","         0,1","         1,8","         1,3"
330780206,75,"         0,3","         0,6",,"         1,3","         0,7"
330780255,75,"         0,4","         0,4",,"         1,8","         0,3"
330780263,75,"         1,4","         1,5","         2,5","         1,9","         1,2"
330780271,75,           0,"         0,6",,           2,           0
330780354,75,"         0,6","         0,1",           0,           0,"         0,2"
330780370,75,"         0,1",,,,           0
330780446,75,,,,,
330780453,75,,,,,
330780479,75,"         1,9","         1,4",           4,"         1,2","         2,4"
330780487,75,           0,"         0,3",,"         1,5",           0
330780495,75,"         0,5","         0,4","         0,6","         0,7","         0,3"
330780503,75,"         0,7",           2,"         0,7","         2,8","         0,5"
330780511,75,"         0,5","         0,5",,"         0,8","         0,5"
330780529,75,"         0,8","         1,3",,"         1,3","         0,7"
330780537,75,"         0,7","         0,6","         0,7","         0,8","         0,5"
330781139,75,           0,,,           0,
330781196,75,"        13,5","         8,8","        10,8",           4,"        13,3"
330781204,75,"         0,8","         0,7","         1,7","         0,3","         0,4"
330781212,75,"         0,1",           0,,,           0
330781220,75,"         0,7","         0,3","         0,8","         0,7","         0,4"
330781253,75,"         2,8","         2,1","         2,9","         1,3","         2,6"
330781261,75,"         0,2",           0,,           0,"         0,1"
330781303,75,"         0,7","         0,6",           0,"         0,4","         0,6"
330781402,75,"         0,5","         0,9",           0,"         1,3","         0,3"
330782582,75,"         0,8","         1,4","         1,7","         1,9","         1,4"
330783374,75,,,,,
400000261,75,           0,,,,           0
400011177,75,"         1,6","         1,1","         2,1","         0,5",           1
400780193,75,"         1,6","         1,4","         1,9","         0,7","         1,4"
400780268,75,"         0,1",           0,,,           0
400780284,75,           0,"         0,3",           0,"         0,4","         0,2"
400780342,75,"         0,3","         0,2",,"         0,8","         0,2"
400780359,75,"         0,3","         0,7",           0,"         1,2","         0,4"
400782769,75,"         0,2","         0,1",,"         0,2","         0,1"
470000027,75,"         1,5","         1,7","         1,2","         1,9","         1,3"
470000076,75,           0,           0,,"         0,4","         0,1"
470000159,75,,,,,
470000316,75,"         1,4","         0,8","         1,7","         0,5","         1,3"
470000324,75,"         0,8","         0,1","         1,3","         0,1","         0,7"
470000340,75,"         0,1",           0,,,"         0,1"
470000381,75,"         0,1",,,,           0
470001660,75,"         0,8","         0,7","         1,2","         0,6","         0,5"
470016049,75,"         0,4","         0,9",           0,"         0,8","         0,4"
640016580,75,"         0,5","         0,2",           0,           0,"         0,1"
640017638,75,"         0,3","         0,3","         0,4","         0,4","         0,2"
640018206,75,"         1,2","         2,3","         1,7","         1,8",           2
640780268,75,"         0,1","         0,2",,"         2,3","         0,1"
640780417,75,"         2,3",           2,"         3,8","         1,1","         2,5"
640780490,75,"         0,6",           1,           0,"         1,5","         0,4"
640780557,75,           0,,,,           0
640780623,75,           0,,,,"         0,1"
640780672,75,"         0,1",,,,           0
640780748,75,"         0,7","         0,7",           0,"         1,5","         0,5"
640780813,75,"         0,3","         0,1","         0,1",           0,"         0,2"
640780821,75,"         0,5","         0,5","         0,5","         0,5","         0,4"
640780938,75,"         0,6","         1,4",,"         1,2",           1
640780946,75,"         0,4","         1,5","         2,3","         1,7",           1
640780987,75,"         0,1","         0,2",           0,"         0,3","         0,1"
640781225,75,"         0,4","         0,1",,           0,"         0,1"
640781290,75,"         2,6",           2,"         2,8","         1,1","         2,3"
640781308,75,"         0,3",,           0,,           0
640781332,75,,,,,
640787156,75,"         0,1",           0,,"         0,1",           0
640789640,75,,,,,
790000012,75,"         2,4","         1,8","         2,7",           1,           2
790006654,75,"         1,3",           1,"         1,4","         0,6","         0,9"
790009948,75,"         0,6","         1,3","         0,9","         1,7","         0,7"
860010321,75,"         1,1",           2,,"         2,2","         1,1"
860013077,75,"         5,3",           4,"         4,4","         1,8","         5,5"
860013382,75,           1,"         0,7","         1,6","         0,4","         0,6"
860780097,75,"         0,3","         0,2",,"         0,2","         0,1"
860780311,75,"         0,3","         0,5",           0,"         1,1","         0,5"
860780568,75,"         0,1","         0,5","         1,8","         0,9","         0,2"
870000015,75,"         4,6","         3,6",           5,"         1,6","         4,5"
870000023,75,"         0,5","         0,5","         0,7","         0,4","         0,4"
870000031,75,"         0,4","         0,1",           0,"         0,1","         0,2"
870000080,75,,,,,
870000288,75,"         1,6","         2,6",,"         2,9","         2,3"
870000411,75,"         0,1","         1,2","         1,6","         1,3","         0,7"
090780107,76,"         0,2",           0,,"         0,1","         0,1"
090781774,76,"         1,3",           1,"         1,8","         0,7","         1,2"
090781816,76,"         0,3","         0,3","         0,4","         0,3","         0,2"
110007259,76,,,,,
110780061,76,           2,"         1,1","         2,9","         0,5","         1,5"
110780087,76,"         0,1",           0,,           0,"         0,1"
110780137,76,"         1,4",           1,"         1,6","         0,6","         0,6"
110780228,76,"         1,1",           1,"         1,3","         1,8","         1,4"
110780483,76,"         0,6","         0,9","         0,1",           2,"         0,7"
110780772,76,"         0,1",           0,,,"         0,1"
120004528,76,"         0,5","         0,6","         0,5","         0,7","         0,4"
120004619,76,"         0,3","         0,1","         0,3","         0,2","         0,1"
120780044,76,"         1,7","         1,4","         1,8","         1,2","         1,6"
120780069,76,"         0,7","         0,7","         0,8","         0,8","         0,6"
120780085,76,"         0,3","         0,2","         0,5","         0,1","         0,3"
300002508,76,"         0,1",,,"         0,3","         0,1"
300007119,76,,,,,
300008588,76,,,,,
300008638,76,,,,,
300780038,76,           4,"         3,3","         3,8","         1,7","         3,7"
300780046,76,"         1,3","         0,9","         2,3","         0,8","         1,2"
300780053,76,"         0,8","         0,6","         1,2","         0,3","         0,6"
300780137,76,"         0,6","         0,8","         0,1","         1,1","         0,7"
300780152,76,"         0,7","         1,2",,"         1,3","         0,4"
300780228,76,"         0,1","         0,1",           0,"         0,6","         0,1"
300780285,76,"         0,1",           0,,,"         0,6"
300781010,76,           0,           0,,,           0
300781465,76,"         0,4","         0,8","         1,5",           1,"         0,7"
300788502,76,"         1,1","         1,8","         2,1","         2,2","         0,9"
310026083,76,"         0,7","         1,4",           5,"         3,3","         0,7"
310780101,76,"         1,5","         1,9","         1,2",           3,           2
310780150,76,"         0,2","         2,4",           0,"         3,5","         0,4"
310780259,76,"         2,6","         1,6",           0,"         1,7","         2,2"
310780283,76,"         1,9","         3,7","         1,1","         3,9","         1,4"
310780309,76,"         0,8","         0,9","         0,1","         1,4","         0,4"
310780366,76,"         0,3",           0,,,"         0,2"
310780382,76,"         0,7","         1,7","         4,7","         1,4","         0,9"
310780671,76,           1,"         0,7","         0,8","         0,6","         0,8"
310781000,76,"         2,1","         3,1",           0,"         2,6","         1,8"
310781067,76,"         0,4","         0,5",           4,"         0,5","         0,3"
310781406,76,"        14,1","         9,5","         8,5","         4,3","        11,9"
310781505,76,"         1,2","         1,7","         0,9","         1,5","         1,3"
310781695,76,"         0,1",           0,,,"         0,1"
310782016,76,"         0,1","         0,1",,           0,"         0,1"
310782347,76,"         0,6","         0,3",,"         0,5","         3,7"
310786389,76,           0,           0,,,           0
310794417,76,,,,,
320780067,76,"         0,3","         0,5",           0,"         0,9","         0,4"
320780117,76,"         1,4","         0,8","         1,6","         0,4",           1
320780133,76,"         0,1",           0,,           0,"         0,1"
340000025,76,"         0,1",,,,           0
340000207,76,"         0,8","         0,7",,"         0,5","         4,9"
340009539,76,,,,,
340009885,76,"         0,4","         0,9","         2,2","         1,5","         0,8"
340011295,76,"         1,1","         0,9","         1,4","         0,4","         0,8"
340015502,76,           2,"         1,7",           0,"         0,5","         1,5"
340015965,76,"         1,1","         2,1",           0,"         1,5","         1,7"
340015999,76,,,,,
340017292,76,,,,,
340017490,76,,,,,
340019603,76,,,,,
340780055,76,"         2,2","         1,5","         2,6","         0,7","         1,7"
340780139,76,"         0,1",           1,,"         1,1","         0,2"
340780147,76,"         0,3","         0,2",           0,"         0,2","         0,2"
340780154,76,"         0,4","         0,3",           0,"         1,1","         0,3"
340780477,76,"         7,8",           6,"         6,1","         2,7","         6,6"
340780568,76,"         0,1",           0,,           0,           0
340780634,76,"         0,6","         1,7",           0,"         3,2","         0,5"
340780642,76,"         1,1","         1,2",           0,"         1,1",           1
340780667,76,"         1,6","         1,3",,"         1,5","         2,2"
340780675,76,"         0,6",           1,"         3,7","         1,9","         1,5"
340780683,76,"         0,2","         1,2","         4,7","         3,5","         0,5"
340780717,76,"         0,4","         0,4","         0,5","         0,7","         0,3"
340780725,76,"         0,4","         0,2",,"         1,1","         0,5"
340780741,76,"         0,4","         0,5","         0,9","         1,4","         0,6"
340780840,76,,,,,
340781608,76,"         0,2",           0,,           0,"         0,4"
460006075,76,           0,,,,           0
460780042,76,"         0,1",,,"         0,2","         0,1"
460780083,76,"         0,5","         0,6",           0,"         0,4","         0,4"
460780091,76,"         0,2",           0,           0,           0,"         0,1"
460780208,76,"         0,3",           0,           0,"         0,2","         0,1"
460780216,76,"         1,2",           1,"         1,2","         0,5",           1
480780097,76,"         0,7","         0,7","         0,9","         0,7","         0,6"
650002579,76,"         0,4","         1,2",,"         1,6","         0,8"
650780158,76,"         0,5","         0,3","         0,3","         0,2","         0,4"
650780166,76,"         0,1",           0,,           0,"         0,1"
650780174,76,"         0,4","         0,4",           0,"         0,4","         0,2"
650780679,76,"         0,8","         0,4","         1,2","         0,3","         1,1"
650783160,76,"         1,6","         1,3","         1,6","         0,8","         1,1"
660006305,76,"         0,7","         1,3",,"         2,5","         0,4"
660009689,76,           0,           0,,,           0
660780180,76,"         3,2","         1,9","         4,2","         1,2",           3
660780628,76,"         0,3","         0,2",,"         0,5","         0,3"
660780669,76,"         0,2","         0,4","         2,2","         0,7","         0,4"
660780776,76,"         0,3","         0,2",           0,"         0,3","         0,2"
660780784,76,"         1,3","         1,7","         1,7",           1,"         1,9"
660790387,76,"         1,2",           2,           0,"         2,4","         1,6"
810000224,76,"         1,6","         1,1","         0,8","         0,9","         1,6"
810000331,76,"         1,1","         0,9","         1,9","         0,4","         0,5"
810000349,76,"         0,1",           0,,,"         0,1"
810000380,76,"         1,5","         1,2","         2,3","         0,6","         1,2"
810000448,76,"         0,1",           0,,           0,"         0,1"
810000455,76,"         0,4","         0,1",           1,"         0,1","         0,2"
810101170,76,"         0,3","         1,1",,"         1,6","         0,6"
810101444,76,"         0,7",           1,           0,"         1,2",           1
820000016,76,"         1,4","         0,9","         1,2","         0,6","         0,9"
820000040,76,"         0,6","         0,6","         1,4","         0,8","         0,4"
820000057,76,"         1,3","         1,3","         1,2",           1,"         1,5"
820000065,76,"         0,1","         0,4",,"         1,7","         0,1"
820004950,76,"         0,3","         0,3",           0,"         0,3","         0,2"
010007300,84,"         0,1",,,"         0,1","         0,1"
010007987,84,           0,           0,,,           0
010008407,84,"         0,5","         0,3","         0,7","         0,4","         0,2"
010780054,84,"         1,7","         1,1","         2,1","         0,8","         1,5"
010780062,84,"         0,4","         0,3","         0,5","         0,2","         0,3"
010780096,84,"         0,2",           0,,,"         0,2"
010780195,84,"         0,6",           1,           0,"         1,3","         0,6"
010780203,84,"         0,4","         0,5","         0,8","         0,6","         0,2"
010780294,84,,,,,
030780092,84,           1,"         0,7","         0,9","         0,3","         0,9"
030780100,84,"         1,1","         0,6",           1,"         0,3","         0,7"
030780118,84,"         1,7","         1,1","         1,2","         0,7","         1,2"
030780548,84,"         0,2","         0,5",           0,"         0,9","         0,2"
030781116,84,"         0,5","         0,8",           0,           1,"         0,9"
030785430,84,"         0,2","         0,4",,"         0,6","         0,3"
070000096,84,           0,           0,,,"         0,1"
070002878,84,"         0,3","         0,3","         0,3","         0,2","         0,4"
070005566,84,"         0,7","         0,5","         0,9","         0,3","         0,5"
070780168,84,"         0,2","         0,3",           0,"         0,5","         0,3"
070780358,84,           1,"         0,6","         0,9","         0,5","         0,6"
070780408,84,"         0,1","         0,2",           0,"         0,3","         0,1"
070780424,84,"         0,3","         1,6","         1,1","         1,6","         0,7"
150780088,84,"         0,3","         0,3","         0,3","         0,1","         0,2"
150780096,84,"         1,1","         0,7","         0,9","         0,4","         0,6"
150780120,84,           0,           0,,,           0
150780468,84,"         0,2",           0,,           0,"         0,1"
150780732,84,"         0,4","         0,7",           0,"         0,7","         0,8"
260000021,84,"         2,1","         1,8","         2,7","         1,1","         2,1"
260000047,84,"         1,1","         0,8","         1,9","         0,4",           1
260000054,84,"         0,2",           0,"         0,1","         0,1","         0,1"
260000104,84,"         0,1","         0,1","         0,1","         0,1","         0,1"
260000195,84,"         0,1",           0,,,           0
260000260,84,"         0,3","         0,5",,"         0,7","         0,5"
260003017,84,"         0,5","         0,7",,"         1,9","         0,4"
260006267,84,"         0,5","         0,2",,"         0,8","         0,6"
260016910,84,"         0,8","         0,9","         1,3","         0,5","         0,6"
380012658,84,"         1,6","         1,5","         1,7","         2,7","         1,7"
380013037,84,"         0,4",,,"         0,1","         0,5"
380780023,84,"         0,1",           0,,,           0
380780031,84,"         0,1",           0,,           0,"         0,1"
380780049,84,"         1,2","         0,8","         1,4","         0,4","         1,2"
380780056,84,"         0,2",           0,           0,           0,"         0,1"
380780072,84,"         0,1",           0,,,           0
380780080,84,"         4,7","         4,6",           4,"         2,3",           5
380780171,84,"         0,1",           0,,,"         0,1"
380780197,84,"         0,1","         0,9","         1,2","         1,5","         0,2"
380780213,84,           0,           0,,,           0
380780270,84,           0,"         0,3",,"         1,3","         0,2"
380780288,84,"         0,4","         0,4",           0,"         1,2","         0,4"
380781435,84,"         1,2","         0,6","         1,9","         0,4","         0,7"
380781450,84,"         0,2","         0,2",           0,"         0,3","         0,1"
380784751,84,"         0,8","         0,6","         1,5","         0,3","         0,4"
380785956,84,"         0,9","         1,2","         1,1","         1,5",           1
380786442,84,"         1,1","         1,5","         1,8","         1,6","         1,2"
420000192,84,           0,           0,,           0,           0
420002495,84,"         0,7","         0,4","         0,9","         0,5","         0,5"
420010050,84,"         0,4","         1,7",,"         0,9",           1
420011413,84,"         1,3","         1,9","         1,6","         2,4","         1,1"
420013492,84,"         0,3",           0,,,"         1,2"
420013831,84,           1,"         0,7","         0,9","         0,4","         0,5"
420780033,84,"         1,1","         0,8","         1,8","         0,7","         1,1"
420780504,84,"         0,7","         0,9",           0,"         2,1","         0,8"
420780652,84,"         0,9","         0,5","         1,3","         0,4","         0,4"
420782310,84,"         0,7","         0,9",           0,"         1,1","         0,5"
420782591,84,"         0,1",,,"         0,5","         0,1"
420784878,84,"         4,6","         3,3","         3,5","         1,8","         3,7"
430000018,84,"         1,3",           1,"         1,4","         0,8","         0,8"
430000034,84,"         0,3","         0,2",           0,"         0,1","         0,2"
430000109,84,"         0,3","         0,4",,"         0,4","         0,3"
430007450,84,"         0,3",,,,           0
630000479,84,"         0,3","         0,5",,"         0,2",           2
630005668,84,,,,,
630780211,84,"         0,9","         1,6",,"         1,7","         1,2"
630780369,84,"         0,7","         0,3",,"         0,1",           1
630780989,84,"         4,5","         3,8",           4,"         1,4","         4,6"
630780997,84,"         0,2",           0,           0,           0,"         0,1"
630781003,84,"         0,4","         0,3","         0,7","         0,2","         0,3"
630781011,84,"         0,7","         0,4",,"         0,2","         0,5"
630781029,84,"         0,3","         0,3","         0,5","         0,1","         0,2"
630781839,84,"         0,4","         1,9",           2,"         3,3","         0,9"
630783108,84,           0,"         0,2",,"         1,3",           0
690000245,84,"         0,2",           0,,,"         0,1"
690000427,84,"         0,1","         0,2",,           0,           0
690000880,84,"         1,2","         0,7",,"         0,3","         6,2"
690011838,84,           0,,,,           0
690022108,84,,,,,
690022959,84,"         0,1","         0,4",           4,           1,"         0,1"
690023239,84,"         0,1","         1,7",,"         2,1","         0,1"
690023411,84,"         1,2","         2,3",           0,"         2,5","         2,4"
690029186,84,"         0,2",,,,"         0,1"
690780036,84,"         0,3",           0,           1,           0,"         0,1"
690780044,84,"         0,1",           0,"         1,3",           0,           0
690780093,84,"         0,6","         0,5",,"         0,5","         0,4"
690780150,84,"         0,1",           0,           0,,           0
690780200,84,           0,"         0,2",,"         0,2",           0
690780226,84,           0,"         0,1",,"         0,6",           0
690780259,84,           0,"         0,4",,"         1,3",           0
690780358,84,"         0,5","         1,1","         2,5","         2,4","         0,5"
690780366,84,"         0,3","         0,9",           0,"         1,6","         0,7"
690780382,84,"         0,3","         0,4",           0,"         0,6","         0,2"
690780390,84,"         0,6","         0,8","         0,5",           1,"         0,4"
690780416,84,"         0,9","         0,7","         1,6","         0,7","         0,5"
690780499,84,,,,,
690780648,84,           1,"         1,6",           0,"         1,8","         0,7"
690780655,84,"         0,4","         0,4",,"         0,5","         0,5"
690780663,84,"         0,3","         1,1",           0,"         1,5","         0,5"
690781737,84,"         0,1",           0,,,"         0,1"
690781810,84,"        13,9","         9,7","        13,5","         4,8","        13,4"
690782222,84,"         1,8","         1,4",           2,           1,"         1,3"
690782271,84,"         0,4","         0,1","         0,1","         0,1","         0,2"
690782834,84,           1,"         1,5","         0,8","         2,2","         0,6"
690782925,84,"         0,1",           0,,           0,"         0,1"
690791082,84,           0,,,,
690793468,84,"         0,9","         1,2",           0,"         0,8","         1,1"
690805361,84,"         1,5",           1,"         1,5","         0,7","         1,1"
690807367,84,"         0,4","         0,8","         0,8","         1,5","         0,6"
690807599,84,"         0,6","         0,3","         1,2","         0,8","         0,5"
730000015,84,"         2,8","         2,2","         3,3","         1,7","         2,5"
730002839,84,"         0,6","         0,5","         1,1","         0,3","         0,3"
730004298,84,"         0,9","         1,9",           0,"         3,1","         1,8"
730780103,84,"         0,3","         0,2","         0,3","         0,2","         0,1"
730780459,84,           0,"         0,5",,"         0,7",           0
730780525,84,"         0,2","         0,2","         0,3","         0,1","         0,1"
740001839,84,"         0,9","         0,7","         1,3","         0,4","         0,5"
740014345,84,"         0,4","         1,4","         1,3",           3,"         0,4"
740780192,84,"         0,1",           0,,,"         0,3"
740780416,84,"         0,5","         1,3",,"         1,2","         0,7"
740780424,84,"         0,4","         1,3","         1,1","         1,4","         0,5"
740781133,84,           3,"         2,4","         3,8","         1,3","         2,3"
740781208,84,"         0,1",           0,,           0,           0
740790258,84,"         1,4","         1,1",           2,"         0,8",           1
740790381,84,"         1,1","         0,9","         1,7","         0,7","         0,9"
040780215,93,"         0,9","         0,7","         1,3","         0,4","         0,8"
040780470,93,"         0,2","         0,3",,           1,"         0,4"
040784860,93,,,,,
040788879,93,"         0,9","         0,5",           1,"         0,4","         0,7"
050000090,93,"         0,6","         0,9",,"         1,4","         0,8"
050000116,93,"         0,4","         0,4","         0,6","         0,3","         0,4"
050000124,93,"         0,1",           0,,           0,"         0,1"
050002948,93,"         1,5","         1,5","         1,6","         0,5","         1,5"
050007533,93,,,,,
060000528,93,"         0,7","         0,5",,"         0,4","         4,5"
060010949,93,,,,,
060021276,93,,,,,
060021417,93,"         0,5","         1,1","         0,2","         2,7","         0,5"
060022845,93,,,,,
060780442,93,           0,"         0,5",,"         1,2","         0,2"
060780491,93,"         1,1","         1,1",,"         1,3","         1,4"
060780517,93,"         1,1","         1,6","         1,7","         2,5","         1,7"
060780590,93,"         0,5","         0,5","         0,1","         0,8","         0,6"
060780665,93,"         0,3","         0,2",           0,"         0,6","         0,2"
060780699,93,           0,           0,"         0,2","         0,5",           0
060780715,93,"         1,6","         2,7","         2,1","         3,3","         2,2"
060780723,93,           1,"         0,9",,"         1,4","         0,9"
060780756,93,"         0,5","         0,6","         3,2","         0,6","         0,3"
060780897,93,"         1,2","         1,3","         2,5","         0,6","         1,1"
060780947,93,           1,"         0,8",,"         0,7","         0,1"
060780954,93,"         1,6","         1,2","         1,7","         0,5","         1,2"
060780988,93,"         2,2","         1,6","         2,5","         0,8",           2
060781200,93,"         0,8","         0,7","         0,1",           1,"         0,5"
060785011,93,"         5,7","         5,3","         5,1",           2,           6
060785219,93,"         0,5","         0,1",,           0,"         0,6"
060791761,93,"         0,5","         0,5","         0,2","         0,2","         0,2"
060791811,93,"         0,4","         0,1",,           0,"         0,1"
060791860,93,,,,,
060792850,93,,,,,
060792900,93,,,,,
060792926,93,,,,,
060794013,93,"         0,5","         0,3",,           0,           0
060800166,93,"         0,8","         1,4",           0,"         1,7","         2,3"
130001647,93,"         1,6","         0,9",,"         0,7",           9
130001928,93,"         0,2",           0,,           0,"         0,2"
130002694,93,"         0,1",           0,,,           0
130008253,93,           0,"         0,4","         2,1","         1,4","         0,1"
130034531,93,,,,,
130037922,93,"         0,7","         0,9",,"         0,6","         0,4"
130038003,93,,,,,
130041767,93,"         0,3",           0,,,"         0,1"
130041916,93,"         3,7","         2,4",           5,"         1,5","         3,4"
130042096,93,"         0,4","         0,1",,           0,           0
130043664,93,"         2,7","         3,1","         0,1","         2,3",           3
130780521,93,"         3,9","         3,6","         4,2","         1,5",
130781255,93,"         0,1",           0,,,"         0,1"
130781289,93,"         0,4","         0,4",           0,           1,"         0,8"
130781339,93,"         0,3",           0,,,"         0,1"
130781370,93,"         0,4","         0,5",           0,"         0,8","         0,4"
130781446,93,"         0,9","         0,7","         1,7","         0,3","         0,5"
130781479,93,"         1,3","         1,5","         0,7","         1,5","         1,4"
130781867,93,"         0,2","         0,3",,"         1,3","         0,5"
130782071,93,"         0,5","         0,7",           0,"         1,3","         0,4"
130782147,93,           1,"         0,7",           0,"         1,2","         0,5"
130782162,93,"         0,5","         0,4",           0,           1,"         0,4"
130782634,93,"         1,5","         0,9","         2,1","         0,4",           1
130782675,93,"         0,3","         0,3",,"         1,3","         0,3"
130783152,93,           0,,,,"         0,2"
130783236,93,"         1,6","         2,1","         6,5","         0,7",
130783293,93,"         5,4",           4,           0,"         1,2",
130783327,93,"         0,7",           1,           3,"         1,3","         0,6"
130783665,93,"         0,3","         0,3","         0,3",           1,"         0,4"
130783723,93,"         0,2","         1,3",,           3,"         0,3"
130783772,93,           0,"         0,7",,"         2,1","         0,1"
130783962,93,"         0,1","         0,2",,           2,           0
130784051,93,"         0,8","         2,4",,"         0,5","         1,5"
130784226,93,"         0,3",,,,
130784234,93,           1,"         0,5",,"         0,1",
130784481,93,,,,,
130784713,93,"         1,1","         1,4","         2,9","         1,2","         1,3"
130784903,93,"         0,2",           0,,"         0,9","         0,1"
130785389,93,"         0,4","         0,5",,"         1,7","         0,2"
130785512,93,"         0,4","         0,4","         1,7","         0,1","         0,3"
130785652,93,"         3,5","         2,9","         6,4","         2,4","         4,1"
130785678,93,"         0,7","         0,2",           0,"         0,3","         0,5"
130786049,93,,,,,
130786361,93,"         1,4","         2,1",           0,"         2,4","         2,4"
130786445,93,           0,"         0,2","         3,5","         0,1","         0,1"
130786742,93,"         0,8","         0,8",,"         0,6","         0,5"
130789159,93,"         0,1",           0,,           0,           0
130789274,93,"         0,9","         0,6","         1,5","         0,5","         0,7"
130789316,93,"         1,3","         0,8","         3,5","         0,5",           1
130804297,93,"         1,7",           1,,"         0,3",
130809809,93,,,,,
130810740,93,"         0,7","         1,2",,"         3,5","         0,8"
130811102,93,           0,,,,"         0,2"
830012688,93,,,,,
830100103,93,"         0,7","         1,1",           0,"         1,4","         1,1"
830100251,93,"         0,6","         0,8","         0,1","         0,7","         1,2"
830100319,93,"         1,3","         1,1",,"         0,9","         0,7"
830100327,93,"         0,3","         0,6","         0,1","         1,4","         0,4"
830100368,93,"         0,3","         0,4",           0,"         0,7","         0,4"
830100392,93,"         0,9","         0,8",,"         1,1","         0,7"
830100418,93,"         0,3","         0,4",           0,"         0,7","         0,3"
830100434,93,"         0,9","         1,3","         4,3","         2,7","         1,6"
830100459,93,"         0,4","         1,1","         0,1","         2,6","         0,4"
830100475,93,"         0,1","         0,8",,           1,"         0,3"
830100517,93,"         0,8","         0,6","         1,5","         0,3","         0,4"
830100525,93,"         1,1",           1,           2,"         0,6","         1,4"
830100533,93,"         1,2","         0,7","         1,5","         0,3","         0,7"
830100566,93,           2,"         1,3","         2,3","         0,5","         1,3"
830100574,93,"         1,2","         1,5",,"         0,5",           2
830100590,93,"         0,3","         0,1","         0,9",           0,"         0,1"
830100616,93,           4,"         2,9",           5,           1,"         3,6"
830100855,93,"         0,1",           0,,,"         0,1"
830200523,93,"         0,3","         0,5",,"         0,6","         0,3"
830215687,93,,,,,
840000012,93,"         0,4",           0,"         0,5",           0,"         0,4"
840000046,93,"         0,5","         0,1","         1,9",           0,"         0,3"
840000087,93,"         0,6","         0,6","         1,7","         0,2","         0,4"
840000111,93,"         0,1",           0,,           0,"         0,1"
840000129,93,"         0,1",           0,           0,           0,           0
840000285,93,"         0,3","         0,9",           2,"         0,9",           1
840000327,93,           0,"         0,5",,"         0,1",           0
840000350,93,"         0,4",           0,,"         0,1","         2,2"
840000400,93,"         0,4","         0,7",,"         1,1","         0,3"
840000467,93,"         0,3","         0,4",           0,"         0,8","         0,4"
840004659,93,"         0,6","         0,2","         1,1","         0,2","         0,3"
840006597,93,"         3,2","         2,3","         4,2","         1,3","         3,1"
840007850,93,,,,,
840011043,93,,,,,
840013270,93,           0,"         0,1",           0,"         0,1",           0
840013312,93,"         0,6","         0,6",,"         0,2","         0,8"
840013445,93,"         0,4","         0,6",,"         2,9","         0,4"
840017172,93,"         0,4","         0,9",           0,"         1,1","         0,6"
840017222,93,,,,,
840017461,93,,,,,
840019053,93,           0,           0,,,           0
2A0000014,94,"        20,9","        16,5","        36,6","         8,3","        17,4"
2A0000139,94,"        11,8","        12,6",           0,"        25,2","        13,2"
2A0000154,94,"         5,9","         3,6","         6,7","         7,8","         2,5"
2A0000386,94,"         1,4",           0,,,"         6,3"
2A0002606,94,"         0,5",           0,           0,,"         0,6"
2B0000020,94,"        19,8","        16,4","        36,3","         6,7","        15,3"
2B0000079,94,"         0,3",           2,,"        21,2","         2,1"
2B0000145,94,          14,"        12,9","        17,6","        15,8","        13,4"
2B0000392,94,"         6,5","        10,8",,"         5,7","         9,1"
2B0004246,94,"         0,8","         0,2",,           0,"         0,8"
2B0005342,94,           2,"         0,4","         0,1","         0,2","         1,3"
